campaign_id,reward_id
2,1051
14,1449
14,566
40,1464
140,1369
137,1587
147,1430
5,250
204,1784
175,1733
175,1754
36,1124
599,1817
731,2385
402,1401
402,1249
177,2445
177,2422
177,1792
177,1730
177,2426
896,1648
10,2462
830,3139
1492,4057
1492,4051
1492,4048
1426,4015
1854,1682
467,1249
1952,5331
1952,3930
2249,5255
4,561
4,1698
2348,5047
2352,5091
1721,4460
1721,4457
1721,4456
996,3796
2117,5525
2118,5480
1259,2542
1259,1618
2678,3221
2713,949
2811,6468
2878,916
1160,5857
439,2109
439,2114
439,1760
42,1365
42,4534
42,1678
2150,7130
2217,6336
1425,7136
438,2148
104,7358
104,7366
104,2564
31,3161
31,2410
31,7472
1128,7140
1128,5331
1128,4658
43,1417
43,1335
43,1182
43,2099
11,7522
11,5656
11,3136
11,4516
2480,7193
2480,7460
11,3828
11,5655
11,3713
11,5335
11,3201
1128,7329
1128,5844
2480,7171
2480,1339
2480,7475
2480,7463
2480,5890
3404,7151
2480,7171
2480,1352
2480,5884
2480,7465
2480,7456
2480,5885
2480,5878
2480,7171
31,4525
31,3163
401,8011
1490,5838
1127,3930
438,3178
438,5284
3503,6472
2217,5825
2217,5414
2480,7460
2480,7193
2480,7093
31,3163
2480,7870
2480,7879
2480,7854
2480,7852
2480,7857
2480,7856
2480,7861
3503,6472
3503,4354
1127,4222
1127,4597
1127,3927
1128,8040
1128,7146
1128,7143
1128,4540
3503,6472
11,2542
11,3871
11,5519
11,3931
11,3761
11,3179
11,3860
11,7522
11,6697
11,5511
11,5656
3569,8103
2051,8911
2051,8909
2,1053
34,1154
78,1528
78,1556
138,1335
145,1405
204,1786
176,1796
533,856
500,2219
500,2314
8,1230
402,1039
402,2103
177,2458
177,2140
177,2148
177,2157
896,1647
898,1655
10,1468
830,3156
1492,4053
1492,4044
1722,4509
2183,5310
1952,5333
1952,3932
4,5489
2118,5524
2118,5422
2580,6007
1259,3812
2613,984
2579,5541
1754,5309
2876,1028
1490,5838
1160,5305
439,4919
42,1656
42,1590
42,7151
42,2389
1358,5250
32,3145
2744,6865
104,7333
31,4521
31,4523
31,4525
31,2409
31,2408
31,3700
31,1139
1128,5289
1127,4948
1127,4597
43,7364
43,5877
43,3925
43,2135
43,1205
11,7144
11,5530
11,3865
11,5544
11,2086
11,2421
2480,5887
2480,5888
11,4123
1127,6930
2480,7225
2480,7168
2480,1381
2480,7465
2480,7461
2480,5885
3404,6996
2480,7463
2480,5888
2480,7474
2480,5880
2480,7787
2480,7786
2480,7169
2480,1339
3404,7151
3404,6961
31,5808
31,4519
31,4521
31,2412
31,3160
270,2393
270,2388
401,2113
401,2112
1754,7995
1754,4469
1788,7137
1127,4948
1128,3799
438,2151
3503,4354
32,5872
32,4014
32,2115
32,4528
2480,7475
2480,1352
31,7986
31,5808
31,5809
31,4521
31,3164
3503,8031
3503,6928
2480,7867
2480,7867
2480,7857
2480,7876
3503,1176
1788,8032
1788,6897
1127,7148
1127,7473
1127,3196
1128,5513
3503,8030
3503,5248
11,1037
11,7138
11,6832
11,4516
11,2443
11,3143
11,5657
11,5652
3602,1022
3602,5644
14,931
78,1569
144,1387
203,1586
236,1804
175,1685
175,1687
175,1762
302,2048
36,1879
533,2178
732,1648
8,1410
402,1360
402,1418
402,1417
402,986
177,2443
177,2381
177,2147
177,2149
177,1791
177,1696
929,2939
929,2938
765,3926
1492,4028
1492,4025
1492,4006
1655,898
1821,4661
1558,4017
1559,4189
269,1791
1721,4467
1391,3872
1789,4497
2117,1215
2118,5678
2118,5250
2612,927
2614,5113
2581,5538
2381,5874
1754,4469
2909,6885
1061,6890
439,929
439,949
439,5091
439,6904
439,5417
439,1508
439,3149
42,6898
42,5832
2480,5885
2480,5882
2150,5424
2217,5524
270,2390
32,3727
32,4014
32,2115
32,1800
2744,6872
438,5346
438,2150
401,3136
3206,6535
104,7331
3272,2806
1128,60
1128,5844
1128,3198
3074,7027
43,2546
43,1722
11,1037
11,5652
2480,7166
2480,7459
11,936
3404,7151
3404,7164
3404,7760
3404,7151
3404,6961
2480,7193
2480,7194
2480,5885
2480,7475
31,3161
31,3696
31,1139
31,2414
270,5652
270,4515
1754,5676
1754,4470
2909,6885
438,2148
438,2147
3503,8031
3503,3171
32,8037
32,7163
32,2134
2217,7128
2217,5417
2480,7194
31,7467
3503,3171
2480,7867
2480,7869
2480,7877
2480,7878
2480,7873
2480,7856
3503,1176
1160,5303
1127,7473
1128,60
1128,5651
11,2440
11,5845
11,956
11,3834
11,4010
11,2539
11,3183
3668,8253
35,1130
14,1254
14,588
14,1307
78,1563
78,1557
138,1336
141,1371
146,1168
204,1785
176,1665
175,1682
175,1686
302,2047
302,2045
402,984
177,2461
177,1812
896,1646
997,3240
1492,4032
1424,4011
467,4653
1952,5334
1952,5327
2249,5247
2249,5253
2249,5266
4,249
1721,4454
1391,5654
1985,1381
996,2540
2117,5529
2117,5534
2118,5482
2118,5410
2118,4505
2810,6730
2051,7060
1160,6929
1160,3269
1061,6891
439,5525
439,5049
439,2245
42,1399
42,5483
42,3143
2480,7169
2150,7129
2150,5324
270,5653
32,2517
32,5312
1788,4489
401,4090
104,7363
3305,2806
31,4522
31,2412
31,3704
31,3158
31,1138
31,1150
31,1262
1128,4949
1127,5327
11,1629
11,3143
11,3928
2480,7171
2480,7226
11,7138
11,1631
11,3932
11,5516
11,2086
1127,4222
1127,5330
1128,5651
1128,3799
2480,1441
2480,1182
2480,1182
2480,7475
2480,7459
2480,5891
2480,7171
2480,7168
2480,1344
2480,1182
2480,7477
2480,5882
2480,5884
2480,7194
31,7472
31,5807
401,7339
1490,3716
1754,5675
1788,5283
32,3711
2217,5416
31,2409
31,2412
31,3697
3503,8029
2480,7868
2480,7872
2480,7871
2480,7953
3503,1177
3503,5248
3503,3171
1160,7152
1127,61
1127,6930
1127,4597
1128,4658
11,4288
11,2086
11,3930
11,7621
11,7141
11,6889
11,3931
270,8091
3668,8281
3734,8085
35,1129
14,1419
14,1385
141,1373
147,1431
204,1789
175,1729
175,1744
175,1747
175,1757
175,1761
533,2218
533,1433
500,2375
402,1389
402,2104
177,2740
177,2382
177,2142
830,2912
830,2907
1492,3998
1492,4054
1492,4052
764,4123
1722,4506
1853,4358
1193,5083
1589,4468
368,5322
2249,5248
2249,5264
2282,5443
2351,5051
2353,5098
1391,4590
1789,5486
1789,5287
2118,5412
1259,3815
2679,1037
2777,5842
1754,5675
2877,1024
1061,3213
439,3865
439,3268
439,4503
2480,7171
2480,1441
2480,5887
2217,7127
2217,5825
2217,5415
1425,5528
104,7365
31,3159
31,1148
1128,5651
1127,4222
1127,5330
3174,6730
3372,7391
43,1358
43,2539
11,6889
11,6471
11,3828
11,2539
11,3761
3372,7390
2480,7094
2480,7258
2480,1344
2480,1182
2480,5880
2480,7466
11,3136
11,3927
11,5511
1127,5843
1128,5818
2480,7170
2480,5892
3404,6996
3404,7132
2480,7466
2480,5878
2480,5877
2480,7170
2480,7475
2480,7459
2480,5888
3404,7760
1061,5656
1490,6898
1754,6830
1754,5309
2909,7998
1788,8022
1788,5820
1127,60
1127,4658
1127,3196
1128,5334
3503,8029
1788,5283
1788,5854
32,5307
2217,8035
2217,5480
2480,7476
2480,7489
2480,7171
2480,5880
2480,7863
2480,7858
2480,7853
31,3704
31,3701
31,1150
2480,7873
2480,7872
2480,7877
2480,7863
2480,7881
1160,5857
1160,4502
1127,3930
1127,5333
11,7147
11,2550
11,6832
11,5530
11,5656
11,7150
11,5516
11,7326
3569,8104
3569,8098
3569,8122
270,8090
11,8249
3668,8452
34,1136
35,1131
14,559
14,561
14,124
78,1560
176,1799
176,1794
36,1076
403,2191
403,2163
533,2121
533,2118
8,2144
8,1718
402,1182
177,2419
177,2161
1427,4019
1492,4031
1492,4007
1492,3993
1424,4012
1655,4224
1722,4508
1193,5081
368,2094
2351,5053
1688,4428
2117,4981
2117,5609
2414,5864
1259,4014
2613,985
1754,4470
1490,6899
2051,6631
2051,7061
1160,3721
1061,5657
439,910
439,1344
439,2193
1358,7160
1358,3832
2217,5416
32,4528
1788,6897
1788,5855
104,7364
104,2571
104,2572
31,3162
1128,5334
1127,61
43,1363
11,3179
11,3217
11,5657
11,3929
11,2443
2480,1339
2480,7461
11,6832
11,6889
11,3179
1128,5289
3372,7390
2480,7193
3404,7760
3404,7151
3404,7164
2480,7169
2480,7166
2480,1339
2480,7464
2480,5885
2480,7167
2480,1441
2480,1441
31,7991
31,7470
31,4520
31,5806
1788,5821
1128,7146
1128,5331
438,6994
1788,8023
1788,5821
32,1189
2217,6337
2480,7466
2480,7463
2480,7094
2480,5892
31,5811
3503,1177
2480,7871
2480,7853
2480,7855
2480,7868
2480,7880
2480,7954
3503,5248
1127,7145
1127,7330
1127,5330
1127,7145
1127,3927
11,6895
11,5509
11,1396
11,4157
11,4156
11,5516
11,7326
11,5511
11,936
11,2424
1391,8087
3569,8120
3602,3234
3668,8255
14,1454
14,68
79,1550
236,1808
175,1683
175,1746
175,1751
175,1752
175,1763
36,1582
403,2164
403,2182
599,1813
533,2153
533,1166
402,2099
177,2150
3,1696
830,2940
1492,4027
1492,4000
1655,1386
1952,5329
2216,5491
1721,4882
1985,1339
996,3236
2118,5413
2118,5418
2118,5246
1787,5265
1259,3817
2381,5875
2714,936
439,3221
439,5415
439,2112
439,1403
42,1364
42,5889
42,5816
2150,5314
270,3705
32,7163
438,2152
401,3809
104,7334
104,7357
104,2524
31,5807
31,5810
31,2413
31,1145
1127,5817
43,1362
43,5425
43,932
11,7150
11,5517
11,5332
11,2450
11,4158
2480,1363
2480,5892
2480,7463
11,2450
11,3144
11,5517
1127,7473
1128,60
1128,3931
3372,7458
2480,7489
2480,5891
2480,5886
2480,5892
2480,5877
2480,5894
2480,7463
2480,7167
1061,5326
31,7471
31,5813
31,5811
31,1147
270,4513
270,1727
270,5318
401,2443
3140,7153
1788,7132
1788,7133
1788,5281
1788,5280
1788,5971
1128,61
1128,7149
1128,5651
3503,8028
2480,7461
2480,7464
2480,7456
2480,7291
31,3158
31,1139
31,1146
31,1144
2480,7878
2480,7864
2480,7877
2480,7861
2480,7859
2480,7872
2480,7866
2480,7885
3503,8028
1160,4501
1127,4537
1128,7140
11,8048
11,3932
11,5332
11,5350
11,3181
11,5653
3569,8101
3569,8127
1127,8256
438,8579
25,532
14,83
78,1564
78,1562
78,1553
79,1549
145,1417
145,1418
204,1783
204,1781
176,1795
175,1679
175,1734
175,1756
533,2122
533,982
533,2179
500,2310
402,1648
402,985
402,2159
177,2803
177,2378
177,2121
177,2119
3,1211
830,3140
830,3135
1094,3436
765,3925
1424,4009
764,2606
1655,1194
1824,4431
1825,3862
368,5323
4,4487
1721,4462
996,5840
1787,5412
1259,1617
1259,3810
2381,5879
2714,937
1754,6831
2051,5086
1061,5655
439,1741
42,2555
42,3183
2480,7094
2480,7194
2480,7192
2480,5880
2480,5893
2480,5886
2150,5852
2217,7126
1425,5529
270,4515
438,5829
438,5284
401,2443
401,2516
31,7468
31,7469
31,4520
31,5809
1128,3799
1127,3930
43,1341
11,1631
11,3180
11,3201
2480,7170
2480,5884
2480,5890
11,1037
11,3860
11,6697
11,5657
11,5345
3404,7164
3404,7760
3404,6961
2480,1441
2480,5894
2480,7456
2480,7259
2480,7461
2480,7459
2480,5887
2480,7193
2480,1362
31,1138
270,1382
1490,4543
3140,8016
1788,4489
1128,7473
1128,3931
1128,4658
438,5346
1788,7132
1788,4490
32,6901
32,3145
2217,7127
2480,7459
2480,5877
2480,7864
31,4519
31,3703
3503,6472
2480,7857
2480,7894
3503,6928
1128,5847
1128,5844
3503,1340
11,6471
11,2450
11,4010
11,3764
11,7144
11,5517
270,8056
11,8047
7,252
2,1048
35,1077
35,1074
14,1260
14,1231
14,141
78,1551
139,1364
533,2160
533,1810
500,2215
500,2374
402,1706
402,1359
402,1516
177,2425
177,2442
177,2128
177,1766
177,2151
177,2156
10,1442
830,2910
1094,3434
765,2612
1491,3872
1492,3996
1492,4033
1655,1746
1853,4360
2018,4915
2249,5273
1721,4458
1721,4455
1985,1441
1789,5422
2117,5302
2118,5416
1787,5483
2546,5862
2613,986
3140,7153
439,1020
439,5266
439,2128
439,1038
439,3136
42,2542
42,898
42,5861
2480,7170
2480,1352
2217,5414
2217,5417
270,6863
270,6833
270,2389
32,6900
1788,5971
401,2112
104,2568
104,2565
104,2569
1128,61
1127,7142
43,6903
43,5880
43,1256
11,5509
11,5345
11,3764
1127,3798
1127,4597
1128,4658
2480,1344
2480,7464
2480,5888
3404,6996
3404,6961
2480,7291
2480,7225
2480,7291
2480,1363
2480,7095
2480,5880
2480,7226
2480,7192
2480,7786
1061,6891
1061,7662
31,5809
31,3159
31,3704
401,5837
3503,1176
1754,6831
1788,5854
1788,5855
1127,4537
1128,5847
1128,60
438,8029
3503,6472
3503,1176
3503,1177
1788,5820
32,1800
2480,1346
2480,5878
31,7471
31,1140
2480,7862
2480,7859
2480,7869
2480,7864
2480,7855
3503,4354
3503,8030
3503,1177
1788,4489
1128,4223
1128,5334
11,8046
11,7141
11,3210
11,3209
11,7522
11,8046
11,6895
11,1037
11,6471
11,3136
11,3926
11,2459
3569,8102
3569,8100
3569,8094
32,8086
2051,8910
25,534
2,1052
35,1079
78,1554
146,1167
149,1576
175,1753
36,1121
569,2101
403,2190
733,1656
500,2218
500,2507
402,934
402,911
402,2106
402,80
177,2453
177,2420
177,2424
177,1667
177,1673
177,2159
929,2937
929,2936
765,2611
1491,3871
1557,4016
1193,5084
368,5320
2249,5252
2216,5476
1789,4585
2117,5488
2118,5481
2678,972
2712,1020
2712,1019
2942,5827
2051,5088
1160,3193
439,2519
439,948
439,1174
439,3860
439,1631
439,4090
42,7000
2480,5888
2480,5890
270,1382
32,3150
2744,6874
2744,6868
104,7362
104,2556
31,4524
1128,7473
1128,3931
1127,7148
1127,4537
11,7138
11,2550
11,3860
11,3871
3372,7458
2480,7169
2480,1352
11,7144
11,3209
11,3929
11,3181
1127,5288
1128,7146
2480,7094
2480,7169
2480,1363
2480,7474
2480,7477
2480,5891
2480,5894
3437,7329
1061,3213
31,5812
31,3703
270,4514
401,5835
1788,6897
1788,4490
1127,3798
1127,4597
1128,7140
438,5828
2217,5415
2480,7457
2480,7865
31,5806
3503,1340
2480,7865
2480,7859
2480,7890
3503,6472
1160,3800
1788,5280
1127,5817
1127,4658
11,2539
11,3928
11,2542
11,5509
11,1631
11,5530
11,4156
11,3929
11,3927
3569,8096
3569,8095
1128,8314
438,8580
25,536
35,1078
14,560
78,1566
145,1416
204,1767
176,1659
176,1671
175,1681
175,1758
533,2320
533,939
533,2127
402,1416
402,932
402,1409
402,1301
402,2098
402,1282
402,2135
177,1798
177,1697
177,2158
177,2132
997,3239
1028,3299
830,2903
830,2908
1492,4002
1826,4288
1854,4387
897,1657
1193,5082
467,4655
1952,5328
2249,5249
2249,5245
2216,3705
4,5545
4,5291
1721,4884
996,5296
1789,5864
2117,5708
2117,5528
1259,1649
1259,4546
2381,5881
1490,5418
1490,4542
2051,7062
1160,6896
1160,5254
439,5050
439,1724
42,6899
42,2393
2480,7093
2480,7225
2480,5894
2217,6337
32,3958
1788,7132
438,6995
104,2562
104,2557
31,4526
43,1422
43,1359
11,3181
11,4157
11,5655
11,3796
11,5845
11,3210
11,4124
1128,4949
2480,7093
2480,5889
2480,5884
2480,7093
2480,5892
2480,5882
2480,7489
2480,5888
2480,7788
2480,7291
2480,7168
2480,7788
3437,7330
1061,5655
1061,3201
31,7469
31,5810
31,2409
31,1142
3503,6928
2909,6884
3140,8015
1127,5333
438,5829
3503,5248
1788,7133
1788,5281
1788,5292
1788,5280
1788,5971
32,2517
2217,8034
2217,5524
2480,7786
2480,1182
31,5810
31,3699
3503,1176
2480,7863
2480,7875
2480,7885
2480,7875
3503,1340
3503,8028
1160,3194
1788,7133
1788,5820
1788,5281
11,1629
11,3865
11,6889
11,3929
11,3828
11,5345
3668,8450
25,538
2,1049
176,1670
175,1680
175,1759
36,1583
437,2011
403,2181
403,2162
533,943
533,2130
732,1646
500,2312
8,2473
402,989
402,1281
177,1772
177,2154
1492,4058
1492,4055
1854,4364
1193,5085
1952,3931
2249,5256
2249,5274
2216,5490
4,1213
1721,5608
1721,4459
1391,4587
1391,4512
2117,1428
2118,5483
2118,5485
2118,5542
2843,6829
2876,1027
1490,5839
1490,4543
1160,3800
439,5522
42,3137
1358,3833
2480,7258
2480,7259
2480,1381
1425,3368
1425,5477
270,5544
32,7164
32,2444
401,5267
104,2573
31,5811
31,3701
31,1142
31,7470
1127,5288
3372,7458
43,1336
43,1416
43,1418
43,2545
43,5055
11,3926
11,3764
11,2459
2480,5885
11,7147
11,956
11,4288
11,4156
11,4516
11,2421
3404,7760
2480,7462
2480,7460
2480,7258
2480,7456
2480,5878
2480,7462
2480,7464
2480,1182
31,4524
1490,5263
3503,4354
1788,5819
1127,5327
1127,3927
1128,4949
1128,4540
438,2152
438,3761
438,2150
438,5285
438,3199
1788,8033
32,8036
32,5479
32,4505
31,4525
31,5813
31,3159
31,1141
2480,7869
2480,7881
1160,4486
1788,7137
1788,5821
1788,5854
1788,5292
1127,5512
1127,5288
11,1631
11,5652
11,3201
11,2440
11,5655
11,3761
11,3796
11,3713
11,5329
270,8055
3602,5014
1789,8030
3668,8451
3668,8875
2,1054
33,1071
145,1409
5,1697
176,1846
533,2344
533,941
533,1432
402,918
402,1203
402,1204
177,2441
177,2450
177,2421
177,2129
177,1770
177,1773
177,1675
177,2122
3,247
997,3237
830,3212
1492,3997
1492,4030
764,2605
1655,3834
1722,4510
897,1656
1919,4688
467,4654
467,2104
2249,5261
2249,5275
2216,5494
2216,5478
2382,5113
1391,5325
1787,4503
1754,6830
2051,5087
1160,3194
1160,3803
439,3831
439,1019
439,5261
439,2443
42,2392
2480,7193
2480,7168
2480,1182
32,2134
32,5873
401,5837
104,7359
104,2574
104,2563
104,2559
3306,2806
1127,6930
1127,3196
43,5878
43,1203
43,2523
11,1396
11,3144
11,6697
11,5518
11,4156
11,4123
2480,7167
2480,1441
2480,5882
11,7141
11,5530
11,2542
11,3930
11,3928
11,3180
1127,7330
1128,5331
2480,7258
2480,7167
3404,6961
2480,7170
2480,7489
2480,7457
2480,7094
2480,5886
2480,7461
2480,5877
1061,6890
31,2413
31,1262
3503,3171
1788,5293
1127,7148
1127,5330
1128,7143
3503,1177
3503,8030
3503,4354
32,3727
2480,7259
2480,7788
2480,7857
31,7469
31,4522
31,4523
31,4526
31,3702
31,3157
3503,4354
2480,7865
2480,7882
2480,7879
2480,7858
2480,7891
3503,8031
3503,8031
1160,5822
1160,3269
1160,3803
1127,5333
1127,7142
1127,7330
1128,7149
3503,8029
3503,1177
3503,1176
11,7150
11,3828
11,3181
11,3144
11,6697
11,1367
11,3871
11,3928
11,3806
11,5346
3569,8099
3734,8612
14,867
146,1170
204,1788
403,2185
533,1425
500,2220
500,2309
402,1422
177,2462
177,2440
177,1694
177,1651
3,559
1492,3999
1492,4040
1492,4003
1523,4125
1556,4018
269,1792
269,5278
1952,5335
2249,5251
2249,5277
2350,5050
1721,4464
1688,2805
1688,5282
2117,5533
2118,5677
2118,5641
2414,5873
2612,928
1160,5853
1160,5303
1061,5326
439,5351
439,2516
439,1327
439,3236
42,922
42,6998
42,6874
42,6865
42,4538
2480,7226
2480,7167
2480,1346
2480,5889
2150,5425
270,5316
1788,5819
1788,5821
438,2151
3173,6405
104,7338
31,1140
31,3164
3338,7481
1128,4223
1127,7473
43,1409
43,2521
43,986
43,3370
43,2098
11,3210
11,1367
11,5653
11,5519
11,3932
11,3713
11,3806
3372,7391
2480,1346
2480,5893
2480,7457
11,2443
1127,5651
1128,61
2480,5894
2480,7259
2480,7490
2480,7474
2480,7461
2480,7095
2480,5889
2480,5886
2480,7193
2480,1352
2480,7464
2480,7478
2480,7478
31,7990
31,3697
31,3157
270,6863
270,5316
270,2392
401,2114
1490,6899
3470,7993
1788,8023
1128,5844
1128,4223
3503,1340
2480,7478
2480,1441
2480,7859
2480,7873
2480,7866
2480,7861
2480,7878
2480,7886
2480,7873
2480,7854
2480,7886
2480,7893
3503,8030
1127,60
1127,5327
1788,7132
1788,5855
1127,4222
1127,5330
1128,7473
1128,3928
1128,3198
3503,4354
11,956
11,5657
11,5519
11,4123
11,3180
11,5335
3602,926
3635,8187
35,1075
14,1083
14,571
236,1807
175,1748
175,1760
302,2046
36,1584
36,1126
533,2316
533,954
533,938
500,2212
8,1159
402,2188
402,1256
177,2459
177,2463
177,1674
177,1778
177,1732
177,2134
1028,3367
830,3151
1492,3995
1492,4010
1492,4041
1722,4507
1823,4019
1886,4660
368,2093
368,2092
2249,5262
2249,5272
2350,5049
1391,4589
2117,4471
2118,5486
2118,5421
2645,6235
2713,948
1490,3716
2051,5488
2051,7063
1160,3722
1160,3147
439,5095
439,2540
439,2088
42,909
42,6868
42,3806
2480,5892
2480,5877
270,4691
270,4514
32,5479
32,1705
32,1084
1788,7133
1788,5283
1788,5292
2744,6869
438,2146
438,2149
401,2114
899,2806
31,5812
31,3703
31,3699
31,2415
1128,7329
1128,7146
1128,5328
1128,4540
1127,7145
43,5324
43,5882
43,1713
43,1721
11,5850
11,5350
11,4124
11,2424
11,3183
11,5329
2480,5877
2480,5886
2480,7475
11,5509
11,5653
11,4527
11,5346
1127,3196
1128,7149
2480,7291
2480,7474
2480,5887
2480,5880
3404,6996
2480,7226
2480,1346
2480,1363
2480,7465
2480,7093
2480,7166
2480,1381
2480,7490
2480,7466
2480,5889
2480,7490
2480,7460
2480,7476
2480,7225
2480,1344
3437,7330
3437,7329
1061,5657
31,4523
31,2411
31,2408
31,1148
1490,5418
3503,1177
3503,5248
3140,7151
1127,5847
1127,5843
1127,7473
3503,1340
3503,1176
1788,5819
32,3958
2217,7126
2480,7477
2480,7166
2480,1381
2480,5887
2480,5885
2480,5894
2480,5884
31,7472
31,7470
31,4524
31,2408
31,1138
31,1148
31,1147
3503,8028
2480,7870
2480,7879
2480,7855
2480,7862
2480,7860
2480,7852
2480,7860
2480,7887
2480,7888
3503,6928
3503,1340
1160,3193
1127,4537
1127,61
1127,5651
1127,3930
11,5850
11,3834
11,2421
11,3217
11,5332
3569,8126
1127,8150
15,1089
14,1451
41,1503
78,1568
148,1191
204,1787
175,1684
175,1731
175,1750
533,2343
533,1382
533,2214
731,2386
733,1657
402,1341
402,2155
177,2423
177,2192
177,2141
10,1247
997,3238
1028,3300
1492,3992
1492,4047
1655,2542
1822,4020
1825,4430
269,5421
1952,3928
2249,5260
2249,5271
1721,4461
1721,4432
1391,4591
2513,5646
2117,5487
2118,5484
1259,3832
2711,955
1754,5308
1490,5481
1061,5656
439,927
439,1664
439,972
439,5090
42,7131
42,5482
42,2390
42,3141
1358,5246
2480,1344
2480,1363
2480,5878
2217,7128
1425,5527
270,2393
32,1691
32,5307
1788,5293
401,4539
104,2570
31,1141
31,3160
31,1147
1127,60
1127,5512
43,1349
43,5859
43,1287
43,3926
11,6832
11,7147
11,3209
11,2542
11,7326
11,5346
11,3931
2480,7464
11,1629
11,3806
11,2459
11,5329
1127,60
1127,5327
1127,5512
1128,7473
1128,3928
1128,5334
2480,7194
2480,7466
3404,7151
2480,5893
2480,7478
2480,5890
2480,7457
2480,7095
31,7468
31,3702
31,3701
31,3158
31,1150
270,5653
401,5411
1490,3717
1490,4542
3503,6472
1128,3928
438,6995
3503,6928
32,3150
2480,7192
2480,7167
31,7991
2480,7858
2480,7870
2480,7879
2480,7870
2480,7862
2480,7852
2480,7955
1127,3798
1127,5843
1128,3931
1128,5331
3503,6928
11,5350
11,2459
11,5850
11,3209
11,4157
11,3930
3569,8097
3569,8124
2051,8131
3668,8252
6,251
27,725
26,725
2,1050
34,1156
14,57
148,1192
176,1587
176,1672
175,1749
36,1127
403,2180
600,715
533,2119
500,2221
500,2308
500,2377
402,1616
402,1371
402,2189
177,2187
177,2452
177,1979
177,1693
898,1654
830,2968
1492,4026
1492,4035
1492,4005
1492,4049
1523,4012
1655,3712
1655,2086
1824,3861
1853,4359
1952,5332
1952,3927
2216,5477
2352,5090
996,5410
2117,5527
2118,5411
2118,5545
1787,3713
1259,4545
1259,3814
3140,7151
2909,6884
42,6871
42,2391
1425,5297
1425,3724
1788,7137
2744,6871
3206,6534
104,7337
104,7332
31,3697
31,3696
31,2414
1127,7330
1127,3927
1127,3798
1127,5333
1127,4658
43,2547
43,5862
43,1204
43,2704
11,3834
11,3927
2480,7259
2480,7489
11,5350
11,2550
11,5519
11,4010
11,3931
11,7522
11,2424
11,5544
1127,61
1127,4537
1127,3930
1128,7143
1128,4540
2480,7192
2480,7459
2480,5882
3404,6961
2480,1362
2480,5880
2480,7476
2480,7226
2480,7462
2480,7460
3404,7132
31,7467
31,4526
31,1144
270,6833
270,5317
3305,2806
401,2128
1490,5839
1127,7145
1127,5817
1128,5289
1788,5293
32,2903
2480,7462
2480,7258
2480,7168
2480,5888
2480,7862
2480,7860
2480,7852
31,7990
31,3700
31,2415
31,1142
2480,7871
2480,7853
2480,7892
1160,3721
1160,8020
1127,4658
1127,5651
1788,8022
1788,4490
1788,5293
11,4123
11,3927
11,2424
11,5518
11,5335
11,5345
11,8048
11,2550
11,4124
11,3144
11,3201
2480,8215
2051,7495
30,1042
34,1155
14,58
14,1383
78,1565
78,1558
175,1689
175,1745
36,1880
36,1122
533,1255
533,959
533,872
533,1399
402,990
402,2107
177,2444
177,1698
177,1765
177,1692
10,2463
10,1470
830,2905
1161,3595
1226,3629
1427,4020
1492,4038
1492,4039
1655,3708
1655,3816
1820,4016
2315,5523
2348,5048
2513,5645
2117,5495
1787,5836
1259,3813
2711,956
2713,3268
1490,5259
1160,4486
1061,3201
439,3828
439,2741
439,1812
42,6996
42,1657
42,3190
1358,7161
2480,5891
270,5652
270,2391
270,4513
270,2392
270,2388
32,6901
32,5872
32,4505
32,1083
32,3711
438,6994
401,5482
104,7165
104,2566
31,7467
31,5813
31,1146
31,1144
31,7471
3371,2806
1128,5513
43,1389
43,1405
43,985
43,2426
11,7141
11,936
11,5511
11,3834
1127,7142
1127,4948
1128,7140
1128,4223
1128,5513
2480,7226
2480,7462
2480,7457
2480,5877
3404,7132
2480,7258
2480,7167
2480,7477
2480,1346
2480,7466
2480,5884
2480,7259
2480,7166
2480,1363
31,3700
270,5544
270,3705
270,2391
1127,4222
1128,7329
1128,5818
438,5345
438,2149
3503,8028
1788,8022
1788,8032
1788,4489
32,8038
32,5313
2217,6336
2480,7465
2480,1339
2480,1344
2480,1362
2480,5893
2480,7861
31,7992
31,4520
31,2413
31,1262
2480,7868
2480,7871
2480,7854
2480,7853
2480,7878
1160,6896
1160,5853
1160,3147
1127,7148
1127,5512
1788,8023
1128,61
1128,7329
11,7144
11,4516
11,4158
11,3926
11,3183
11,3180
11,5329
11,5653
11,4527
11,3210
11,1396
11,3764
3569,8125
3569,8123
2051,7661
142,1375
175,1690
175,1735
36,1585
36,1120
36,1946
533,1032
632,699
402,1377
402,1335
402,1374
402,1713
177,2451
177,2153
177,2135
177,1771
177,1650
10,2464
1028,3366
830,3165
830,2909
1492,3994
1492,4043
1492,4050
764,2608
1655,3794
467,2103
1952,3929
2249,5257
2216,5493
1721,4463
2614,5114
2877,1023
2878,917
2051,5089
1160,7152
1160,4502
439,947
439,2100
439,1723
42,2540
42,3146
1358,5678
2480,1339
32,1189
32,2116
1788,4490
438,5828
438,3178
401,5835
401,5411
104,7360
104,6103
104,2560
31,4519
31,2411
1127,5651
3372,7390
43,1171
43,1354
43,1135
11,956
11,4288
11,3930
2480,7490
2480,7465
2480,7462
11,6471
11,5850
11,3865
11,2539
11,3183
11,3217
11,5518
3372,7391
2480,7259
3404,6996
3404,7132
3404,7164
2480,7168
2480,1381
2480,1344
2480,5890
2480,7192
2480,7463
2480,7476
2480,5891
2480,7465
2480,5889
2480,7094
2480,7170
2480,7258
2480,1381
2480,1352
3404,7164
31,1146
31,2415
270,2390
401,3136
401,3809
3503,1340
1754,7996
1754,5308
1127,7330
1127,61
1127,5651
32,1691
32,1705
32,2116
32,5873
2480,7226
2480,7169
2480,1363
2480,5889
2480,5890
2480,7854
31,2411
31,3162
31,3161
31,3696
2480,7880
2480,7856
2480,7880
2480,7866
2480,7887
3503,3171
3503,8029
1160,6929
1160,5305
1127,5817
1788,5971
1127,60
1128,5328
11,5845
11,4124
11,5544
11,3217
11,5518
3569,8121
3602,8027
28,725
30,1008
35,1088
14,587
40,1466
78,1561
204,1782
236,1802
236,1809
175,1688
175,1755
175,1764
302,2044
437,2012
403,2183
533,983
632,700
732,1647
500,2376
402,1066
402,1354
402,1287
177,2152
177,2130
929,2935
10,2461
10,1469
830,2902
995,3152
1492,4024
1492,4034
1492,4036
1655,2543
368,5321
1985,1346
2118,5414
1259,3836
2546,5863
2679,1036
2713,947
2876,3232
1490,6898
2942,3712
1160,4501
439,1638
439,2506
42,6869
42,7002
42,3138
42,1688
1358,5677
2480,1362
270,5317
32,5313
3173,6406
401,2113
104,7361
104,2555
104,2567
31,5808
31,3702
1128,7149
1128,3928
43,2475
11,6895
11,5845
11,2440
2480,7093
2480,1381
2480,1362
2480,5889
11,7150
11,3761
11,3143
11,5656
11,5332
1127,7145
1127,5817
1127,5333
2480,5878
2480,7095
3404,7132
3404,7164
2480,7094
2480,7192
2480,5887
2480,7194
2480,1362
2480,5886
2480,7093
2480,7787
2480,1346
31,3164
31,3699
31,1145
1490,8013
1490,8012
1788,5292
1127,6930
1128,3198
3503,5248
3503,6928
32,7164
2480,7490
31,2410
2480,7869
2480,7877
2480,7867
2480,7865
2480,7858
2480,7874
2480,7952
2480,7889
3503,8029
1160,5254
1127,5847
1127,5843
1127,7142
1788,5819
1127,4948
3503,8031
3503,3171
11,7138
11,936
11,3860
11,5655
11,4158
11,2086
270,8093
3602,1394
3635,8189
35,1189
35,1073
14,1213
14,922
78,1552
140,1368
143,1376
175,1678
175,1740
175,1742
175,1743
569,2121
403,2184
500,2217
500,2313
402,1346
177,2455
177,2457
177,2464
177,2118
177,1699
177,1677
177,1701
3,2425
1028,3301
1028,3364
830,3134
1492,4045
1492,4037
1492,4042
1492,4056
1492,4046
764,2607
1722,4511
1826,3865
1986,4855
368,5094
2249,5268
2216,5492
2353,5097
1391,4588
1688,5859
1688,4618
2118,5179
1754,5676
1490,3717
1160,5822
439,5416
42,6872
42,2388
2480,7291
2480,7166
2480,5884
2150,5851
2217,5480
1425,5525
270,1727
32,2903
1788,5820
1788,5281
3173,6404
104,7336
104,2558
104,2561
31,5806
31,3163
1128,7143
1128,5818
1127,5843
43,5863
43,2805
43,3371
11,5335
11,4527
11,4010
2480,7291
2480,7168
2480,7192
2480,5894
2480,7474
11,1396
11,4157
11,2440
11,3926
11,3796
11,7326
11,5652
1127,7148
1127,4658
2480,1352
2480,1362
2480,7460
3404,7132
2480,7225
2480,7169
2480,7457
2480,5893
2480,5892
2480,5893
2480,5890
2480,7489
31,7986
31,7992
31,4522
31,1141
270,2389
401,5267
401,4090
401,4539
1127,7142
1127,5512
3503,3171
3503,8029
32,6900
32,2444
32,1083
2480,7474
2480,7225
2480,5891
2480,5882
2480,7856
31,5807
31,5812
31,3160
31,1145
2480,7876
2480,7882
1127,3196
1127,5288
1788,8033
1788,5283
1127,5327
11,1367
11,3806
11,2443
11,1629
11,4288
11,3865
11,2450
11,3932
11,5544
11,4527
3602,8026
3602,6473
270,8092
11,8248
3668,8453
3635,8257
25,529
14,1239
40,1465
139,1365
146,1169
5,1212
5,560
204,1779
204,1780
176,1663
176,1669
175,1741
36,1572
36,1123
403,2111
600,716
500,2311
402,1405
402,919
177,2456
177,2125
177,2160
830,2911
1492,4029
1492,4008
1492,4001
1655,1399
1193,5080
1919,4689
368,5319
1952,5330
2351,5052
1721,4466
1721,5352
1391,3871
1789,5833
1789,5286
2117,5526
2117,4527
2117,5514
2118,5543
1259,5283
2381,5876
2447,5674
1490,5263
439,712
439,5414
439,1255
439,4539
439,1709
439,2244
42,6408
1425,5526
1425,3369
270,5318
1788,5854
1788,5280
438,5345
438,3761
438,5285
438,2147
438,3199
401,7339
401,2128
104,7335
31,3157
3339,7482
3107,7340
43,2474
11,5516
2480,7194
2480,7225
2480,5891
2480,5878
11,6895
11,1367
11,3871
11,4158
1127,3927
1128,3198
1128,5328
2480,7166
2480,1346
2480,7490
2480,5893
3404,7760
2480,1339
2480,5887
2480,5882
3437,7328
3404,6996
31,1140
31,3162
31,2410
270,4691
401,5482
401,2516
1490,5481
1490,5259
1127,5288
1128,5328
1128,5513
438,8028
438,2146
1788,6897
1788,7137
1788,5855
32,1084
32,5312
2480,7095
2480,7170
2480,7787
2480,5886
2480,7855
31,7468
31,2414
3503,8030
3503,5248
2480,7866
2480,7868
2480,7872
2480,7880
2480,7863
2480,7860
2480,7864
2480,7874
1160,3722
1127,6930
1127,4948
1127,8039
1127,5847
1127,3798
1128,5289
1128,3799
1128,5818
1128,4949
3503,8028
11,3136
11,3796
11,3713
11,3143
11,5517
11,5346
11,7147
11,2421
11,3179
3569,8105
3602,7864
3602,1429
3602,1380
11,8381